customer_id,name,email,gender,address,city,state
685e2a3afc13ae1033fa0fbd,Jarrad Gerler,jgerler0@dagondesign.com,Male,220 Maple Wood Park,Grand Rapids,Michigan
685e2a3afc13ae1033fa0fbe,Lion Margaritelli,lmargaritelli1@friendfeed.com,Male,138 Hermina Drive,Frederick,Maryland
685e2a3afc13ae1033fa0fbf,Valentin Mainz,vmainz2@msn.com,Male,48 Buell Court,Troy,Michigan
685e2a3afc13ae1033fa0fc0,Darcee Satch,dsatch3@freewebs.com,Female,53236 Lindbergh Circle,Saint Louis,Missouri
685e2a3afc13ae1033fa0fc1,Engelbert Farnall,efarnall4@amazon.co.jp,Genderfluid,27 6th Junction,Seattle,Washington
685e2a3afc13ae1033fa0fc2,Tris Mazzeo,tmazzeo5@hostgator.com,Male,6 Ridgeview Crossing,Saint Louis,Missouri
685e2a3afc13ae1033fa0fc3,Cortney Treffrey,ctreffrey6@skyrock.com,Female,8 Warner Road,Dayton,Ohio
685e2a3afc13ae1033fa0fc4,Chantal Pagan,cpagan7@umich.edu,Female,38084 Mesta Terrace,El Paso,Texas
685e2a3afc13ae1033fa0fc5,Allan Littledyke,alittledyke8@miitbeian.gov.cn,Genderfluid,07431 Talmadge Road,Houston,Texas
685e2a3afc13ae1033fa0fc6,Jacob Tobin,jtobin9@themeforest.net,Male,22 Bayside Pass,Henderson,Nevada
685e2a3afc13ae1033fa0fc7,Karyn Dwelley,kdwelleya@facebook.com,Female,84 Corben Road,Erie,Pennsylvania
685e2a3afc13ae1033fa0fc8,Forest Nightingale,fnightingaleb@hhs.gov,Male,67189 Lakewood Gardens Point,Santa Barbara,California
685e2a3afc13ae1033fa0fc9,Hilton Ellesworthe,hellesworthec@taobao.com,Male,1497 Walton Street,Philadelphia,Pennsylvania
685e2a3afc13ae1033fa0fca,Flint Nickoles,fnickolesd@joomla.org,Male,4 Homewood Avenue,Trenton,New Jersey
685e2a3afc13ae1033fa0fcb,Jessamine Ivel,jivele@sbwire.com,Female,7 Bellgrove Crossing,Youngstown,Ohio
685e2a3afc13ae1033fa0fcc,Ximenes Stych,xstychf@newyorker.com,Male,82 Bobwhite Trail,Pasadena,California
685e2a3afc13ae1033fa0fcd,Rey Richten,rrichteng@mapy.cz,Male,1 Alpine Junction,Spokane,Washington
685e2a3afc13ae1033fa0fce,Armin Bandey,abandeyh@sciencedaily.com,Male,63 Ridgeway Parkway,Raleigh,North Carolina
685e2a3afc13ae1033fa0fcf,Silvester Berntssen,sberntsseni@npr.org,Male,5 Nobel Plaza,Fullerton,California
685e2a3afc13ae1033fa0fd0,Denni Wanklyn,dwanklynj@buzzfeed.com,Female,81 Northport Court,Little Rock,Arkansas
685e2a3afc13ae1033fa0fd1,Kary Headings,kheadingsk@myspace.com,Female,39 Monument Street,Sacramento,California
685e2a3afc13ae1033fa0fd2,Brooks Duffitt,bduffittl@hatena.ne.jp,Polygender,6 7th Court,San Diego,California
685e2a3afc13ae1033fa0fd3,Ralph Corssen,rcorssenm@google.com.au,Male,7768 Macpherson Place,Lexington,Kentucky
685e2a3afc13ae1033fa0fd4,Korrie Tixall,ktixalln@columbia.edu,Female,291 Village Green Center,Memphis,Tennessee
685e2a3afc13ae1033fa0fd5,Gilburt Dadge,gdadgeo@mediafire.com,Male,761 Sullivan Terrace,Washington,District of Columbia
685e2a3afc13ae1033fa0fd6,Neils Cerman,ncermanp@mapquest.com,Male,01435 Linden Park,Minneapolis,Minnesota
685e2a3afc13ae1033fa0fd7,Bone Ragsdale,bragsdaleq@xing.com,Male,069 Manufacturers Street,Columbus,Ohio
685e2a3afc13ae1033fa0fd8,Yancy Haswell,yhaswellr@cbslocal.com,Male,29 School Way,Honolulu,Hawaii
685e2a3afc13ae1033fa0fd9,Shay Tomaini,stomainis@oakley.com,Male,75 Loftsgordon Pass,Washington,District of Columbia
685e2a3afc13ae1033fa0fda,Constantine Winspar,cwinspart@youtu.be,Male,229 Golf Course Parkway,Modesto,California
685e2a3afc13ae1033fa0fdb,Gene Esome,gesomeu@cloudflare.com,Male,702 Monument Junction,Colorado Springs,Colorado
685e2a3afc13ae1033fa0fdc,Merrick Worthy,mworthyv@lulu.com,Male,04 Dixon Trail,Phoenix,Arizona
685e2a3afc13ae1033fa0fdd,Elisha Wofenden,ewofendenw@upenn.edu,Female,1 Florence Alley,Aurora,Colorado
685e2a3afc13ae1033fa0fde,Cindelyn Mowatt,cmowattx@craigslist.org,Female,7 Mallard Trail,Chicago,Illinois
685e2a3afc13ae1033fa0fdf,Genna Bowie,gbowiey@google.ca,Female,822 Milwaukee Trail,Seattle,Washington
685e2a3afc13ae1033fa0fe0,Dre Gregori,dgregoriz@utexas.edu,Female,4 Morrow Road,Oakland,California
685e2a3afc13ae1033fa0fe1,Whittaker Gingel,wgingel10@ow.ly,Male,48 Dakota Terrace,Austin,Texas
685e2a3afc13ae1033fa0fe2,Dalia Gunthorpe,dgunthorpe11@businesswire.com,Female,68222 Summerview Lane,Albany,New York
685e2a3afc13ae1033fa0fe3,Felipe Ashdown,fashdown12@nature.com,Male,531 Erie Avenue,Dayton,Ohio
685e2a3afc13ae1033fa0fe4,Bondie Kealy,bkealy13@domainmarket.com,Male,98471 Clove Pass,Saginaw,Michigan
685e2a3afc13ae1033fa0fe5,Janeta Penkman,jpenkman14@patch.com,Female,055 Bultman Way,Davenport,Iowa
685e2a3afc13ae1033fa0fe6,Lavena Egle,legle15@t.co,Female,661 Bluestem Park,Lincoln,Nebraska
685e2a3afc13ae1033fa0fe7,Breanne Dybbe,bdybbe16@usda.gov,Female,4 Tennessee Hill,Springfield,Massachusetts
685e2a3afc13ae1033fa0fe8,Charleen Badder,cbadder17@biglobe.ne.jp,Female,2 Amoth Pass,Anaheim,California
685e2a3afc13ae1033fa0fe9,Antoine Oleksiak,aoleksiak18@paginegialle.it,Male,0 Forest Center,Fort Collins,Colorado
685e2a3afc13ae1033fa0fea,Elfie Curley,ecurley19@discuz.net,Female,6997 Melrose Plaza,Columbia,South Carolina
685e2a3afc13ae1033fa0feb,Ogdon Ruffler,oruffler1a@feedburner.com,Male,08 Mitchell Court,Bloomington,Indiana
685e2a3afc13ae1033fa0fec,Grady Jovic,gjovic1b@sitemeter.com,Male,17759 Kingsford Circle,New York City,New York
685e2a3afc13ae1033fa0fed,Mattie Levison,mlevison1c@buzzfeed.com,Female,838 Barby Terrace,Toledo,Ohio
685e2a3afc13ae1033fa0fee,Chico Giovannetti,cgiovannetti1d@over-blog.com,Male,373 Delaware Junction,Anchorage,Alaska
685e2a3afc13ae1033fa0fef,Kora Gimert,kgimert1e@wiley.com,Female,450 Butternut Court,Miami,Florida
685e2a3afc13ae1033fa0ff0,Fritz Heinig,fheinig1f@pagesperso-orange.fr,Male,317 5th Place,Miami,Florida
685e2a3afc13ae1033fa0ff1,Meryl Vinnicombe,mvinnicombe1g@simplemachines.org,Female,66418 Brentwood Center,Peoria,Illinois
685e2a3afc13ae1033fa0ff2,Raleigh Brent,rbrent1h@google.cn,Male,6 Commercial Terrace,El Paso,Texas
685e2a3afc13ae1033fa0ff3,Ruddie Wroath,rwroath1i@spotify.com,Male,88798 Emmet Lane,Albany,New York
685e2a3afc13ae1033fa0ff4,Nicolle Laneham,nlaneham1j@mayoclinic.com,Female,4081 Iowa Crossing,New Orleans,Louisiana
685e2a3afc13ae1033fa0ff5,Katharyn Alyoshin,kalyoshin1k@dagondesign.com,Female,23 Beilfuss Parkway,Inglewood,California
685e2a3afc13ae1033fa0ff6,Gunilla Hatherell,ghatherell1l@upenn.edu,Female,22 Carioca Park,Charlotte,North Carolina
685e2a3afc13ae1033fa0ff7,Cherri O'Donnelly,codonnelly1m@intel.com,Polygender,8759 Fallview Drive,San Jose,California
685e2a3afc13ae1033fa0ff8,Jarrett Whatley,jwhatley1n@berkeley.edu,Male,2969 Emmet Hill,Jefferson City,Missouri
685e2a3afc13ae1033fa0ff9,Bendick Tarbet,btarbet1o@utexas.edu,Male,69058 Montana Way,Shawnee Mission,Kansas
685e2a3afc13ae1033fa0ffa,Neron Plaide,nplaide1p@marriott.com,Male,029 John Wall Way,Monroe,Louisiana
685e2a3afc13ae1033fa0ffb,Berenice Verrechia,bverrechia1q@baidu.com,Female,896 Sunnyside Hill,Lima,Ohio
685e2a3afc13ae1033fa0ffc,Brod Plumptre,bplumptre1r@sitemeter.com,Male,264 Dunning Plaza,Englewood,Colorado
685e2a3afc13ae1033fa0ffd,Emelina Pittendreigh,epittendreigh1s@gnu.org,Genderqueer,517 Dakota Junction,Lake Charles,Louisiana
685e2a3afc13ae1033fa0ffe,Mariam Harber,mharber1t@vkontakte.ru,Female,9974 Moulton Park,Washington,District of Columbia
685e2a3afc13ae1033fa0fff,Junette Studders,jstudders1u@craigslist.org,Genderqueer,9 Fairfield Junction,Suffolk,Virginia
685e2a3afc13ae1033fa1000,Obie Hanbridge,ohanbridge1v@toplist.cz,Male,27214 Anhalt Hill,Monticello,Minnesota
685e2a3afc13ae1033fa1001,Helaine Ick,hick1w@usda.gov,Female,3459 Clove Plaza,Frederick,Maryland
685e2a3afc13ae1033fa1002,Jessa Jonk,jjonk1x@va.gov,Female,02 Graceland Junction,San Antonio,Texas
685e2a3afc13ae1033fa1003,Keane Browning,kbrowning1y@diigo.com,Male,30288 Mifflin Terrace,Albuquerque,New Mexico
685e2a3afc13ae1033fa1004,Chaddie Gutridge,cgutridge1z@rambler.ru,Male,99 Esch Avenue,Colorado Springs,Colorado
685e2a3afc13ae1033fa1005,Salvidor Lefridge,slefridge20@opera.com,Male,680 Loomis Way,Hartford,Connecticut
685e2a3afc13ae1033fa1006,Gordy Huitson,ghuitson21@biglobe.ne.jp,Male,032 Pine View Alley,Panama City,Florida
685e2a3afc13ae1033fa1007,Lorenza Seeking,lseeking22@ucsd.edu,Female,3 Northland Avenue,Lincoln,Nebraska
685e2a3afc13ae1033fa1008,Suzann Jelphs,sjelphs23@youku.com,Female,91 Farwell Road,Charlotte,North Carolina
685e2a3afc13ae1033fa1009,Nancee Camlin,ncamlin24@nsw.gov.au,Female,2 Heath Trail,Pensacola,Florida
685e2a3afc13ae1033fa100a,Tasha Rattery,trattery25@sphinn.com,Female,9 Fordem Lane,Chicago,Illinois
685e2a3afc13ae1033fa100b,Bing Keating,bkeating26@delicious.com,Male,7216 Judy Crossing,Warren,Michigan
685e2a3afc13ae1033fa100c,Lynde Vasse,lvasse27@google.com.au,Female,54108 Fairview Junction,Tucson,Arizona
685e2a3afc13ae1033fa100d,Kristian Toomey,ktoomey28@princeton.edu,Male,554 Hallows Point,South Bend,Indiana
685e2a3afc13ae1033fa100e,Felicia Dyment,fdyment29@rambler.ru,Female,44451 Merry Parkway,Carson City,Nevada
685e2a3afc13ae1033fa100f,Malcolm Dutnell,mdutnell2a@yahoo.co.jp,Male,39 Sullivan Park,Humble,Texas
685e2a3afc13ae1033fa1010,Helge Billam,hbillam2b@irs.gov,Female,5575 Center Hill,Albany,Georgia
685e2a3afc13ae1033fa1011,Roarke Brader,rbrader2c@networksolutions.com,Male,1281 Bunker Hill Pass,Lexington,Kentucky
685e2a3afc13ae1033fa1012,Katinka Easlea,keaslea2d@epa.gov,Female,411 Bartillon Court,San Francisco,California
685e2a3afc13ae1033fa1013,Madelene McGreil,mmcgreil2e@seattletimes.com,Female,47668 Loeprich Alley,Cleveland,Ohio
685e2a3afc13ae1033fa1014,Laurie Sisson,lsisson2f@acquirethisname.com,Male,497 Algoma Circle,Madison,Wisconsin
685e2a3afc13ae1033fa1015,Afton Antoszczyk,aantoszczyk2g@amazon.co.uk,Female,91318 Daystar Circle,Shreveport,Louisiana
685e2a3afc13ae1033fa1016,Antin Lanfare,alanfare2h@foxnews.com,Male,50 Logan Parkway,Panama City,Florida
685e2a3afc13ae1033fa1017,Jennine Lebond,jlebond2i@amazon.co.jp,Agender,10734 Elka Place,Wichita,Kansas
685e2a3afc13ae1033fa1018,Ava Kiffin,akiffin2j@reddit.com,Female,810 David Terrace,Madison,Wisconsin
685e2a3afc13ae1033fa1019,Phil Rosina,prosina2k@who.int,Male,727 Hintze Park,Seattle,Washington
685e2a3afc13ae1033fa101a,Babbie Rickford,brickford2l@usnews.com,Female,62141 Jay Street,Tacoma,Washington
685e2a3afc13ae1033fa101b,Derk Hatliff,dhatliff2m@tuttocitta.it,Male,568 Jenna Alley,Fresno,California
685e2a3afc13ae1033fa101c,Ram Bray,rbray2n@over-blog.com,Non-binary,380 Northport Parkway,Albuquerque,New Mexico
685e2a3afc13ae1033fa101d,Ali Stolting,astolting2o@japanpost.jp,Female,9 Sutherland Pass,Merrifield,Virginia
685e2a3afc13ae1033fa101e,Yuma Brasse,ybrasse2p@fc2.com,Male,0293 Rusk Court,Ashburn,Virginia
685e2a3afc13ae1033fa101f,Boy Benard,bbenard2q@bizjournals.com,Male,7 Moland Circle,Boston,Massachusetts
685e2a3afc13ae1033fa1020,Hadria Hubane,hhubane2r@hud.gov,Female,212 Cottonwood Hill,Bradenton,Florida
685e2a3afc13ae1033fa1021,Moshe Metts,mmetts2s@xinhuanet.com,Male,94427 Mccormick Center,Houston,Texas
685e2a3afc13ae1033fa1022,Adriena Rosina,arosina2t@flavors.me,Female,506 Magdeline Center,North Little Rock,Arkansas
685e2a3afc13ae1033fa1023,Jennilee Kalkofer,jkalkofer2u@simplemachines.org,Female,7 Oak Drive,Sterling,Virginia
685e2a3afc13ae1033fa1024,Lamont Orwell,lorwell2v@sourceforge.net,Male,3742 Pepper Wood Parkway,New York City,New York
685e2a3afc13ae1033fa1025,Deane Kondratenya,dkondratenya2w@unesco.org,Male,4061 Anhalt Lane,New Orleans,Louisiana
685e2a3afc13ae1033fa1026,Lorena Delea,ldelea2x@i2i.jp,Female,22080 Mayfield Crossing,Washington,District of Columbia
685e2a3afc13ae1033fa1027,Amaleta Wethers,awethers2y@weather.com,Female,05695 Hoffman Court,Arvada,Colorado
685e2a3afc13ae1033fa1028,Belvia Segoe,bsegoe2z@europa.eu,Female,7 Dorton Court,Cincinnati,Ohio
685e2a3afc13ae1033fa1029,Alexandr Blindmann,ablindmann30@multiply.com,Male,64430 Division Avenue,Scottsdale,Arizona
685e2a3afc13ae1033fa102a,Dionysus Plumb,dplumb31@spiegel.de,Male,0712 Quincy Pass,Seattle,Washington
685e2a3afc13ae1033fa102b,Enrico Brearley,ebrearley32@ihg.com,Male,1 Rigney Park,Dayton,Ohio
685e2a3afc13ae1033fa102c,Prudy Leyland,pleyland33@cnn.com,Female,43 Namekagon Drive,Beaumont,Texas
685e2a3afc13ae1033fa102d,Angeline Clears,aclears34@webeden.co.uk,Polygender,849 Towne Lane,San Diego,California
685e2a3afc13ae1033fa102e,Colby Guiducci,cguiducci35@msn.com,Male,0019 International Crossing,El Paso,Texas
685e2a3afc13ae1033fa102f,Aundrea Grevile,agrevile36@mozilla.com,Agender,568 Transport Lane,Baton Rouge,Louisiana
685e2a3afc13ae1033fa1030,Lisette Zaple,lzaple37@tiny.cc,Female,3291 Northland Terrace,Muskegon,Michigan
685e2a3afc13ae1033fa1031,Shayne Ridpath,sridpath38@foxnews.com,Male,2 Calypso Court,Topeka,Kansas
685e2a3afc13ae1033fa1032,Meir Libbe,mlibbe39@newyorker.com,Male,6905 Moulton Court,San Francisco,California
685e2a3afc13ae1033fa1033,Neile Wheeler,nwheeler3a@linkedin.com,Female,0755 Dakota Park,Birmingham,Alabama
685e2a3afc13ae1033fa1034,Banky Durbann,bdurbann3b@i2i.jp,Male,03031 Dixon Way,Denver,Colorado
685e2a3afc13ae1033fa1035,Conni Gonsalo,cgonsalo3c@nifty.com,Female,650 Stang Drive,El Paso,Texas
685e2a3afc13ae1033fa1036,Lonni Iacobacci,liacobacci3d@bing.com,Female,910 Huxley Crossing,Mesa,Arizona
685e2a3afc13ae1033fa1037,Brnaby Mapledoram,bmapledoram3e@oaic.gov.au,Male,1 Swallow Alley,San Francisco,California
685e2a3afc13ae1033fa1038,Con Gamblin,cgamblin3f@miitbeian.gov.cn,Female,575 Rusk Court,El Paso,Texas
685e2a3afc13ae1033fa1039,Reeba Loyd,rloyd3g@angelfire.com,Female,5 Village Green Point,Baton Rouge,Louisiana
685e2a3afc13ae1033fa103a,Peggi Dowson,pdowson3h@hubpages.com,Female,831 Oak Valley Terrace,Bronx,New York
685e2a3afc13ae1033fa103b,Caroline Roark,croark3i@sun.com,Female,35705 Esker Junction,Orlando,Florida
685e2a3afc13ae1033fa103c,Hildegaard Aspital,haspital3j@ifeng.com,Polygender,81710 Packers Plaza,Pasadena,California
685e2a3afc13ae1033fa103d,Pammie Gallier,pgallier3k@time.com,Female,07 Troy Parkway,Punta Gorda,Florida
685e2a3afc13ae1033fa103e,Orelie Gorger,ogorger3l@dot.gov,Female,190 Starling Junction,Tampa,Florida
685e2a3afc13ae1033fa103f,Analise Lorkings,alorkings3m@com.com,Female,4314 Walton Terrace,Philadelphia,Pennsylvania
685e2a3afc13ae1033fa1040,Emilio Sargood,esargood3n@timesonline.co.uk,Male,3 Acker Point,Shawnee Mission,Kansas
685e2a3afc13ae1033fa1041,Shandee Curzon,scurzon3o@friendfeed.com,Female,570 Browning Pass,Minneapolis,Minnesota
685e2a3afc13ae1033fa1042,Anderea Brogi,abrogi3p@dmoz.org,Female,61 Duke Trail,El Paso,Texas
685e2a3afc13ae1033fa1043,Waldemar Enderlein,wenderlein3q@wikipedia.org,Male,03 Manufacturers Court,Chesapeake,Virginia
685e2a3afc13ae1033fa1044,Jerrie Collinette,jcollinette3r@a8.net,Female,168 Oneill Hill,Sacramento,California
685e2a3afc13ae1033fa1045,Verney Bernuzzi,vbernuzzi3s@statcounter.com,Male,0216 Cordelia Court,Montgomery,Alabama
685e2a3afc13ae1033fa1046,Marcile Coxhead,mcoxhead3t@accuweather.com,Female,379 Hagan Parkway,Amarillo,Texas
685e2a3afc13ae1033fa1047,Phillipe Coy,pcoy3u@noaa.gov,Male,6 Golf View Drive,Saginaw,Michigan
685e2a3afc13ae1033fa1048,Free Dudgeon,fdudgeon3v@bigcartel.com,Male,60878 Petterle Avenue,Des Moines,Iowa
685e2a3afc13ae1033fa1049,Darwin Lomaz,dlomaz3w@usatoday.com,Male,8 Lien Lane,Aurora,Colorado
685e2a3afc13ae1033fa104a,Emmett Reina,ereina3x@engadget.com,Male,43818 Cardinal Park,Austin,Texas
685e2a3afc13ae1033fa104b,Frederik Cloney,fcloney3y@amazon.de,Male,871 Larry Way,Fort Worth,Texas
685e2a3afc13ae1033fa104c,Levy Tebbs,ltebbs3z@123-reg.co.uk,Male,3 Bobwhite Avenue,Aurora,Colorado
685e2a3afc13ae1033fa104d,Pippy Cordsen,pcordsen40@marketwatch.com,Genderfluid,3792 Erie Drive,Dearborn,Michigan
685e2a3afc13ae1033fa104e,Shurwood Malafe,smalafe41@craigslist.org,Male,6 Superior Pass,Houston,Texas
685e2a3afc13ae1033fa104f,Pet Rubinowicz,prubinowicz42@friendfeed.com,Female,02 Dottie Circle,New Orleans,Louisiana
685e2a3afc13ae1033fa1050,Flynn Donaghie,fdonaghie43@google.nl,Male,083 Sherman Drive,Odessa,Texas
685e2a3afc13ae1033fa1051,Blondelle Shopcott,bshopcott44@ihg.com,Female,83326 Mitchell Avenue,Beaufort,South Carolina
685e2a3afc13ae1033fa1052,Finley Saldler,fsaldler45@dot.gov,Male,08782 Crest Line Street,Kansas City,Missouri
685e2a3afc13ae1033fa1053,Ivett Jordin,ijordin46@imageshack.us,Polygender,163 Meadow Vale Lane,Lansing,Michigan
685e2a3afc13ae1033fa1054,Quentin Jiruca,qjiruca47@cnet.com,Female,60 Gateway Place,Seattle,Washington
685e2a3afc13ae1033fa1055,Alessandro Kydde,akydde48@shinystat.com,Male,227 Derek Trail,Louisville,Kentucky
685e2a3afc13ae1033fa1056,Callida Delaney,cdelaney49@slashdot.org,Genderqueer,5706 Hagan Road,Wilkes Barre,Pennsylvania
685e2a3afc13ae1033fa1057,Alena Tripon,atripon4a@geocities.jp,Female,30408 Almo Alley,Saint Louis,Missouri
685e2a3afc13ae1033fa1058,Salomone Hursthouse,shursthouse4b@flavors.me,Male,7 Thackeray Court,Punta Gorda,Florida
685e2a3afc13ae1033fa1059,Nataniel Pimblotte,npimblotte4c@cnet.com,Male,873 Thackeray Hill,Young America,Minnesota
685e2a3afc13ae1033fa105a,Vonny Murdoch,vmurdoch4d@livejournal.com,Female,17 Duke Court,Dayton,Ohio
685e2a3afc13ae1033fa105b,Georgia Gerran,ggerran4e@mtv.com,Genderfluid,6 Buena Vista Lane,Dallas,Texas
685e2a3afc13ae1033fa105c,Mathias Spinage,mspinage4f@artisteer.com,Male,43219 Thompson Place,Salinas,California
685e2a3afc13ae1033fa105d,Ninnetta Dael,ndael4g@arstechnica.com,Female,857 Susan Junction,Los Angeles,California
685e2a3afc13ae1033fa105e,Avigdor Pepys,apepys4h@clickbank.net,Agender,9 Mifflin Hill,Salt Lake City,Utah
685e2a3afc13ae1033fa105f,Klemens Peace,kpeace4i@diigo.com,Male,908 Bay Alley,Sacramento,California
685e2a3afc13ae1033fa1060,Mead Johananov,mjohananov4j@last.fm,Female,3 Northport Parkway,Miami,Florida
685e2a3afc13ae1033fa1061,Holt Woltman,hwoltman4k@dyndns.org,Male,807 Sunbrook Junction,New York City,New York
685e2a3afc13ae1033fa1062,Samuel Charlton,scharlton4l@tripod.com,Male,4355 Mallard Place,Reno,Nevada
685e2a3afc13ae1033fa1063,Theodosia Dundredge,tdundredge4m@scientificamerican.com,Female,9 Dahle Center,Gainesville,Florida
685e2a3afc13ae1033fa1064,Maurizia Roote,mroote4n@imageshack.us,Female,54 Oak Valley Center,Orlando,Florida
685e2a3afc13ae1033fa1065,Manolo Beining,mbeining4o@marketwatch.com,Agender,53 Carey Avenue,Brooklyn,New York
685e2a3afc13ae1033fa1066,Hewet Blackwell,hblackwell4p@bluehost.com,Male,23113 Main Road,Washington,District of Columbia
685e2a3afc13ae1033fa1067,Garry Dales,gdales4q@arizona.edu,Male,8 Kinsman Trail,San Antonio,Texas
685e2a3afc13ae1033fa1068,Lucais Balden,lbalden4r@scribd.com,Male,9774 Mccormick Crossing,Huntsville,Alabama
685e2a3afc13ae1033fa1069,Tedd Yakov,tyakov4s@etsy.com,Male,6994 Lakewood Gardens Point,Lexington,Kentucky
685e2a3afc13ae1033fa106a,Cacilie Augustin,caugustin4t@edublogs.org,Female,6379 Fair Oaks Hill,Washington,District of Columbia
685e2a3afc13ae1033fa106b,Theodor Innwood,tinnwood4u@etsy.com,Agender,67384 Forest Dale Plaza,Durham,North Carolina
685e2a3afc13ae1033fa106c,Filip Couvert,fcouvert4v@slate.com,Male,181 Melody Center,San Diego,California
685e2a3afc13ae1033fa106d,Tomi Euler,teuler4w@chicagotribune.com,Female,321 Main Junction,Kent,Washington
685e2a3afc13ae1033fa106e,Nye Naulty,nnaulty4x@cdbaby.com,Male,21673 Stephen Crossing,Tulsa,Oklahoma
685e2a3afc13ae1033fa106f,Lelah Hawgood,lhawgood4y@bandcamp.com,Genderfluid,75632 Lakeland Place,Hartford,Connecticut
685e2a3afc13ae1033fa1070,Lynnet Canland,lcanland4z@businessweek.com,Female,4 Algoma Hill,Houston,Texas
685e2a3afc13ae1033fa1071,Nelia Mongeot,nmongeot50@senate.gov,Female,4 Thackeray Place,Miami,Florida
685e2a3afc13ae1033fa1072,Frieda Kiessel,fkiessel51@washingtonpost.com,Female,1150 Arapahoe Pass,Albany,New York
685e2a3afc13ae1033fa1073,Lucio Pettegree,lpettegree52@mozilla.org,Male,1 Mendota Court,Biloxi,Mississippi
685e2a3afc13ae1033fa1074,Luigi Penning,lpenning53@businessweek.com,Male,01 Amoth Terrace,Omaha,Nebraska
685e2a3afc13ae1033fa1075,Xerxes Murie,xmurie54@cocolog-nifty.com,Male,42897 Muir Point,Little Rock,Arkansas
685e2a3afc13ae1033fa1076,Fabien Thomassen,fthomassen55@instagram.com,Male,16931 Morning Junction,Schenectady,New York
685e2a3afc13ae1033fa1077,Lannie Pauleit,lpauleit56@netscape.com,Male,103 Anhalt Street,Alexandria,Virginia
685e2a3afc13ae1033fa1078,Adrienne Cordaroy,acordaroy57@histats.com,Female,369 Eggendart Point,Toledo,Ohio
685e2a3afc13ae1033fa1079,Laina Corker,lcorker58@cloudflare.com,Female,7341 Sommers Court,Vancouver,Washington
685e2a3afc13ae1033fa107a,Thedrick Gorcke,tgorcke59@sciencedirect.com,Male,1 Alpine Alley,Brooklyn,New York
685e2a3afc13ae1033fa107b,Curr Pateman,cpateman5a@chron.com,Male,0251 Chinook Road,New York City,New York
685e2a3afc13ae1033fa107c,Grissel Veregan,gveregan5b@europa.eu,Female,87 Sunfield Street,Fresno,California
685e2a3afc13ae1033fa107d,Ash Paulusch,apaulusch5c@wsj.com,Male,8912 Tennyson Trail,Philadelphia,Pennsylvania
685e2a3afc13ae1033fa107e,Deane Kingstne,dkingstne5d@yahoo.com,Female,0486 Schiller Crossing,Fresno,California
685e2a3afc13ae1033fa107f,Culley Ply,cply5e@xinhuanet.com,Male,73868 Prairieview Circle,Delray Beach,Florida
685e2a3afc13ae1033fa1080,Kit Rolf,krolf5f@skype.com,Male,1 Kedzie Park,Saint Paul,Minnesota
685e2a3afc13ae1033fa1081,Sharron Thomelin,sthomelin5g@patch.com,Female,2371 Novick Lane,Jackson,Tennessee
685e2a3afc13ae1033fa1082,Wilek Bignold,wbignold5h@xrea.com,Male,36 Michigan Lane,Worcester,Massachusetts
685e2a3afc13ae1033fa1083,Elfie Newall,enewall5i@de.vu,Agender,814 Northfield Trail,Kalamazoo,Michigan
685e2a3afc13ae1033fa1084,Katherina Enefer,kenefer5j@gmpg.org,Polygender,36463 Meadow Valley Hill,Pasadena,California
685e2a3afc13ae1033fa1085,Royall Cool,rcool5k@ed.gov,Male,41878 Forest Dale Avenue,Saint Louis,Missouri
685e2a3afc13ae1033fa1086,Margery Riddington,mriddington5l@zimbio.com,Female,01 Forest Dale Drive,Des Moines,Iowa
685e2a3afc13ae1033fa1087,Talbert MacMarcuis,tmacmarcuis5m@wired.com,Male,229 Valley Edge Avenue,San Antonio,Texas
685e2a3afc13ae1033fa1088,Oliy Norres,onorres5n@webs.com,Female,0202 Mcbride Hill,New York City,New York
685e2a3afc13ae1033fa1089,Cookie Gabbatt,cgabbatt5o@goo.gl,Female,74646 Utah Pass,Raleigh,North Carolina
685e2a3afc13ae1033fa108a,Dalis Drepp,ddrepp5p@google.com.br,Male,11 Oak Trail,Miami,Florida
685e2a3afc13ae1033fa108b,Frans Berks,fberks5q@delicious.com,Male,43 Welch Avenue,San Jose,California
685e2a3afc13ae1033fa108c,Eleanor Brende,ebrende5r@youtube.com,Female,8079 Michigan Junction,Knoxville,Tennessee
685e2a3afc13ae1033fa108d,Loydie Shearstone,lshearstone5s@odnoklassniki.ru,Male,7729 International Hill,Lima,Ohio
685e2a3afc13ae1033fa108e,Morissa Klempke,mklempke5t@liveinternet.ru,Female,432 Debs Drive,Glendale,California
685e2a3afc13ae1033fa108f,Keelia Elwin,kelwin5u@chronoengine.com,Female,8 Ryan Lane,Norfolk,Virginia
685e2a3afc13ae1033fa1090,Rubi Sutherel,rsutherel5v@themeforest.net,Female,2065 Nova Street,Salt Lake City,Utah
685e2a3afc13ae1033fa1091,Joice Wilkie,jwilkie5w@twitter.com,Female,8880 Huxley Terrace,Saint Louis,Missouri
685e2a3afc13ae1033fa1092,Lila McGruar,lmcgruar5x@stanford.edu,Female,24968 Northview Place,Fort Wayne,Indiana
685e2a3afc13ae1033fa1093,Sibelle Strettell,sstrettell5y@va.gov,Female,22700 Jenifer Hill,Birmingham,Alabama
685e2a3afc13ae1033fa1094,Felix Norwich,fnorwich5z@statcounter.com,Male,89153 Hallows Crossing,Portland,Oregon
685e2a3afc13ae1033fa1095,Jeddy Gaitone,jgaitone60@themeforest.net,Male,42 Melody Plaza,Evansville,Indiana
685e2a3afc13ae1033fa1096,Ethelind Berwick,eberwick61@umich.edu,Female,6 Coolidge Park,Hot Springs National Park,Arkansas
685e2a3afc13ae1033fa1097,Jorie Sanford,jsanford62@bloglovin.com,Female,122 6th Parkway,New Haven,Connecticut
685e2a3afc13ae1033fa1098,Elvina Carleton,ecarleton63@mtv.com,Female,12415 Annamark Road,Waco,Texas
685e2a3afc13ae1033fa1099,Constantino Turbill,cturbill64@ucsd.edu,Male,5848 Texas Lane,Saint Louis,Missouri
685e2a3afc13ae1033fa109a,Millie Matis,mmatis65@skype.com,Female,2018 Aberg Court,Beaufort,South Carolina
685e2a3afc13ae1033fa109b,Tatiana Woolf,twoolf66@spotify.com,Female,1765 Fordem Plaza,Washington,District of Columbia
685e2a3afc13ae1033fa109c,Gratia Dobby,gdobby67@i2i.jp,Female,794 Kipling Avenue,Washington,District of Columbia
685e2a3afc13ae1033fa109d,Shurlocke Wanek,swanek68@usgs.gov,Male,32 Vermont Court,Boston,Massachusetts
685e2a3afc13ae1033fa109e,Alexander Bignal,abignal69@java.com,Male,93 Bay Way,Arlington,Virginia
685e2a3afc13ae1033fa109f,Lil Willmot,lwillmot6a@chronoengine.com,Non-binary,43144 Cambridge Alley,Birmingham,Alabama
685e2a3afc13ae1033fa10a0,Fey Livermore,flivermore6b@com.com,Female,694 Meadow Valley Parkway,Columbus,Ohio
685e2a3afc13ae1033fa10a1,Mary Fairpo,mfairpo6c@mlb.com,Female,9194 Glendale Terrace,Houston,Texas
685e2a3afc13ae1033fa10a2,Gnni Mobius,gmobius6d@ebay.co.uk,Female,22385 Loeprich Plaza,Richmond,Virginia
685e2a3afc13ae1033fa10a3,Phillip Fiddler,pfiddler6e@macromedia.com,Male,845 Green Court,Wichita,Kansas
685e2a3afc13ae1033fa10a4,Parke Sheeres,psheeres6f@nih.gov,Male,8 Homewood Point,Charleston,West Virginia
685e2a3afc13ae1033fa10a5,Mile Mohammad,mmohammad6g@google.fr,Male,2214 Colorado Trail,Duluth,Georgia
685e2a3afc13ae1033fa10a6,Lyndell Kensett,lkensett6h@usgs.gov,Female,70 Calypso Junction,Newark,New Jersey
685e2a3afc13ae1033fa10a7,Svend Laurenson,slaurenson6i@github.io,Male,39 6th Crossing,Pinellas Park,Florida
685e2a3afc13ae1033fa10a8,Rosette De la Feld,rde6j@bbc.co.uk,Female,3433 Paget Street,Los Angeles,California
685e2a3afc13ae1033fa10a9,Dannye Chataignier,dchataignier6k@surveymonkey.com,Female,223 Oak Circle,Flushing,New York
685e2a3afc13ae1033fa10aa,Delila Frew,dfrew6l@marketwatch.com,Female,132 Montana Hill,Washington,District of Columbia
685e2a3afc13ae1033fa10ab,Jacobo Brewer,jbrewer6m@washington.edu,Male,6 Leroy Alley,Gatesville,Texas
685e2a3afc13ae1033fa10ac,Carny Benneton,cbenneton6n@sciencedirect.com,Male,686 Randy Avenue,Madison,Wisconsin
685e2a3afc13ae1033fa10ad,Beatrisa Magrane,bmagrane6o@umn.edu,Female,72 Longview Terrace,Denver,Colorado
685e2a3afc13ae1033fa10ae,Ardith Bolley,abolley6p@example.com,Female,254 Leroy Plaza,Oakland,California
685e2a3afc13ae1033fa10af,Adiana Barde,abarde6q@deliciousdays.com,Female,23 Porter Circle,Vancouver,Washington
685e2a3afc13ae1033fa10b0,Philippe Profit,pprofit6r@bloglovin.com,Female,285 Leroy Trail,Phoenix,Arizona
685e2a3afc13ae1033fa10b1,Orella Aloigi,oaloigi6s@so-net.ne.jp,Female,3 Acker Drive,Anchorage,Alaska
685e2a3afc13ae1033fa10b2,Cecile Perot,cperot6t@fastcompany.com,Female,02807 Starling Parkway,Vancouver,Washington
685e2a3afc13ae1033fa10b3,Lionel Giacopini,lgiacopini6u@typepad.com,Male,0555 Garrison Hill,Lansing,Michigan
685e2a3afc13ae1033fa10b4,Raff Noades,rnoades6v@creativecommons.org,Male,85 Luster Plaza,Fort Lauderdale,Florida
685e2a3afc13ae1033fa10b5,Hamnet Pothecary,hpothecary6w@technorati.com,Bigender,9041 Prairieview Street,Asheville,North Carolina
685e2a3afc13ae1033fa10b6,Agnola Karlik,akarlik6x@admin.ch,Female,050 Hallows Drive,San Antonio,Texas
685e2a3afc13ae1033fa10b7,Davine Brundill,dbrundill6y@nps.gov,Female,385 Sutteridge Trail,Little Rock,Arkansas
685e2a3afc13ae1033fa10b8,Avrom Southard,asouthard6z@squarespace.com,Male,5 La Follette Lane,Charlotte,North Carolina
685e2a3afc13ae1033fa10b9,Brander Tripe,btripe70@earthlink.net,Male,2 Bayside Place,Clearwater,Florida
685e2a3afc13ae1033fa10ba,Curran Schoales,cschoales71@zdnet.com,Male,88942 Sauthoff Point,Kansas City,Missouri
685e2a3afc13ae1033fa10bb,Issi Hardiker,ihardiker72@constantcontact.com,Female,86086 Summit Trail,Amarillo,Texas
685e2a3afc13ae1033fa10bc,Tyrus Di Claudio,tdi73@adobe.com,Male,03231 Hagan Street,Syracuse,New York
685e2a3afc13ae1033fa10bd,Theodore Welberry,twelberry74@dagondesign.com,Male,1 Pawling Alley,Lexington,Kentucky
685e2a3afc13ae1033fa10be,Immanuel Frarey,ifrarey75@miitbeian.gov.cn,Male,4 Spaight Way,Colorado Springs,Colorado
685e2a3afc13ae1033fa10bf,Caesar Buttriss,cbuttriss76@uiuc.edu,Male,970 Buena Vista Park,Saint Louis,Missouri
685e2a3afc13ae1033fa10c0,Grissel Selvey,gselvey77@buzzfeed.com,Female,76 Laurel Lane,Orange,California
685e2a3afc13ae1033fa10c1,Kalila Mecchi,kmecchi78@businessinsider.com,Female,305 West Plaza,New York City,New York
685e2a3afc13ae1033fa10c2,Rufus Petticrew,rpetticrew79@earthlink.net,Male,64 1st Way,Colorado Springs,Colorado
685e2a3afc13ae1033fa10c3,Colene Ericssen,cericssen7a@va.gov,Female,9 Granby Lane,Syracuse,New York
685e2a3afc13ae1033fa10c4,Cecilla Vaneschi,cvaneschi7b@deviantart.com,Female,35083 Northwestern Point,Norcross,Georgia
685e2a3afc13ae1033fa10c5,Gus Smyley,gsmyley7c@hhs.gov,Male,36 Loftsgordon Street,San Diego,California
685e2a3afc13ae1033fa10c6,Devlin Perell,dperell7d@hc360.com,Genderqueer,76211 Bashford Junction,Sioux Falls,South Dakota
685e2a3afc13ae1033fa10c7,Liza Stidson,lstidson7e@discuz.net,Female,57 Hanson Crossing,Hamilton,Ohio
685e2a3afc13ae1033fa10c8,Cecil Dyter,cdyter7f@studiopress.com,Male,64230 Sauthoff Avenue,Trenton,New Jersey
685e2a3afc13ae1033fa10c9,Daniele Rowat,drowat7g@networksolutions.com,Female,71 Cottonwood Pass,Buffalo,New York
685e2a3afc13ae1033fa10ca,Zachariah Wassung,zwassung7h@salon.com,Male,1 Sunbrook Circle,Grand Rapids,Michigan
685e2a3afc13ae1033fa10cb,Marcie Thompstone,mthompstone7i@ibm.com,Female,733 Boyd Trail,Ventura,California
685e2a3afc13ae1033fa10cc,Carole Lau,clau7j@auda.org.au,Female,82204 Oneill Circle,Shawnee Mission,Kansas
685e2a3afc13ae1033fa10cd,Polly Dredge,pdredge7k@narod.ru,Bigender,7 Carberry Lane,Norman,Oklahoma
685e2a3afc13ae1033fa10ce,Etan Masterman,emasterman7l@hibu.com,Male,57 Kinsman Lane,Carol Stream,Illinois
685e2a3afc13ae1033fa10cf,Dov Jans,djans7m@a8.net,Male,762 Tennyson Trail,Topeka,Kansas
685e2a3afc13ae1033fa10d0,Gunter Marquez,gmarquez7n@guardian.co.uk,Male,52934 Canary Plaza,Tacoma,Washington
685e2a3afc13ae1033fa10d1,Buddie Bickley,bbickley7o@washingtonpost.com,Male,52469 Truax Alley,Wilmington,Delaware
685e2a3afc13ae1033fa10d2,Nicolette Wassung,nwassung7p@wp.com,Female,10439 Clyde Gallagher Place,Charlotte,North Carolina
685e2a3afc13ae1033fa10d3,Pammy Braban,pbraban7q@google.com.au,Female,7 Porter Parkway,Miami Beach,Florida
685e2a3afc13ae1033fa10d4,Farr Sawbridge,fsawbridge7r@ihg.com,Male,642 Buell Parkway,South Bend,Indiana
685e2a3afc13ae1033fa10d5,Perry Chastenet,pchastenet7s@a8.net,Male,5 Eastwood Avenue,Washington,District of Columbia
685e2a3afc13ae1033fa10d6,Dianemarie Chittey,dchittey7t@weebly.com,Agender,232 Novick Parkway,Grand Forks,North Dakota
685e2a3afc13ae1033fa10d7,Garrott Couch,gcouch7u@wsj.com,Male,9 Bunting Place,Spartanburg,South Carolina
685e2a3afc13ae1033fa10d8,Ave Auchterlony,aauchterlony7v@linkedin.com,Male,5 Nova Junction,New Orleans,Louisiana
685e2a3afc13ae1033fa10d9,Arturo Halliday,ahalliday7w@cdbaby.com,Male,80380 Hudson Park,Newark,Delaware
685e2a3afc13ae1033fa10da,Friedrich Wilderspoon,fwilderspoon7x@uol.com.br,Male,4451 American Ash Point,Lynchburg,Virginia
685e2a3afc13ae1033fa10db,Pauly Skyme,pskyme7y@devhub.com,Female,57 Pine View Street,El Paso,Texas
685e2a3afc13ae1033fa10dc,Rebecka Itzik,ritzik7z@4shared.com,Female,550 Fisk Lane,San Diego,California
685e2a3afc13ae1033fa10dd,Jesse Shipton,jshipton80@netlog.com,Female,8489 Steensland Avenue,Santa Ana,California
685e2a3afc13ae1033fa10de,Shelia Kevern,skevern81@gov.uk,Female,37461 Sutteridge Crossing,Bronx,New York
685e2a3afc13ae1033fa10df,Terry Mableson,tmableson82@nba.com,Male,1508 John Wall Road,Boulder,Colorado
685e2a3afc13ae1033fa10e0,Jazmin Notton,jnotton83@rediff.com,Female,77890 Ramsey Road,Fairfax,Virginia
685e2a3afc13ae1033fa10e1,Justinn Ferrai,jferrai84@surveymonkey.com,Female,5 Monica Court,Atlanta,Georgia
685e2a3afc13ae1033fa10e2,Clarence Rubie,crubie85@unicef.org,Male,0 Lotheville Crossing,Chicago,Illinois
685e2a3afc13ae1033fa10e3,Petronella Markos,pmarkos86@reddit.com,Female,888 Londonderry Court,Bronx,New York
685e2a3afc13ae1033fa10e4,Barby Timblett,btimblett87@nhs.uk,Female,5506 Elgar Road,Port Charlotte,Florida
685e2a3afc13ae1033fa10e5,Tobe Raleston,traleston88@japanpost.jp,Male,47 Beilfuss Street,Sacramento,California
685e2a3afc13ae1033fa10e6,Agace Messer,amesser89@vimeo.com,Female,4458 Quincy Center,Great Neck,New York
685e2a3afc13ae1033fa10e7,Goldarina Boggon,gboggon8a@amazon.de,Female,011 Caliangt Avenue,Montgomery,Alabama
685e2a3afc13ae1033fa10e8,Car Waleran,cwaleran8b@mlb.com,Male,4 Randy Place,San Antonio,Texas
685e2a3afc13ae1033fa10e9,Petronilla Kestin,pkestin8c@washington.edu,Female,94 Lakewood Gardens Street,Shawnee Mission,Kansas
685e2a3afc13ae1033fa10ea,Latisha Barock,lbarock8d@webmd.com,Female,8 Toban Terrace,Garden Grove,California
685e2a3afc13ae1033fa10eb,Red Mucklow,rmucklow8e@aboutads.info,Male,69264 Mayer Pass,Myrtle Beach,South Carolina
685e2a3afc13ae1033fa10ec,Arleen Mein,amein8f@hibu.com,Female,303 Karstens Circle,Levittown,Pennsylvania
685e2a3afc13ae1033fa10ed,Iain Mousby,imousby8g@desdev.cn,Male,00 Daystar Place,Richmond,Virginia
685e2a3afc13ae1033fa10ee,Alessandro Laval,alaval8h@miibeian.gov.cn,Male,84860 Kipling Road,Tulsa,Oklahoma
685e2a3afc13ae1033fa10ef,Ferdinanda Tregent,ftregent8i@live.com,Polygender,47 Donald Pass,Ogden,Utah
685e2a3afc13ae1033fa10f0,Dougie Stelfox,dstelfox8j@wp.com,Male,5 Columbus Junction,Winter Haven,Florida
685e2a3afc13ae1033fa10f1,Chris Gerwood,cgerwood8k@spotify.com,Female,5 Mifflin Center,Washington,District of Columbia
685e2a3afc13ae1033fa10f2,Babb Siemantel,bsiemantel8l@mozilla.org,Female,8 David Plaza,Salem,Oregon
685e2a3afc13ae1033fa10f3,Sergeant Bale,sbale8m@nbcnews.com,Male,1239 Schiller Lane,Grand Rapids,Michigan
685e2a3afc13ae1033fa10f4,Gabriell Banaszkiewicz,gbanaszkiewicz8n@hhs.gov,Female,26 Westend Street,Jackson,Mississippi
685e2a3afc13ae1033fa10f5,Jania Knocker,jknocker8o@bizjournals.com,Female,2 Commercial Center,Albany,New York
685e2a3afc13ae1033fa10f6,Yolande Keble,ykeble8p@soup.io,Female,3 Maryland Hill,Raleigh,North Carolina
685e2a3afc13ae1033fa10f7,Lenci Glasper,lglasper8q@deliciousdays.com,Male,0 Sachtjen Road,Atlanta,Georgia
685e2a3afc13ae1033fa10f8,Hodge Ivimey,hivimey8r@miitbeian.gov.cn,Male,246 7th Avenue,Maple Plain,Minnesota
685e2a3afc13ae1033fa10f9,Anderson Byng,abyng8s@angelfire.com,Male,03 Sugar Parkway,Milwaukee,Wisconsin
685e2a3afc13ae1033fa10fa,Hewitt Corish,hcorish8t@linkedin.com,Male,3 Vernon Parkway,Evansville,Indiana
685e2a3afc13ae1033fa10fb,Simon Gunny,sgunny8u@usda.gov,Male,9 Lunder Point,Atlanta,Georgia
685e2a3afc13ae1033fa10fc,Aubrey Gorgen,agorgen8v@github.io,Polygender,472 Northland Way,Columbus,Georgia
685e2a3afc13ae1033fa10fd,Yolanda Marshal,ymarshal8w@posterous.com,Female,8 Nobel Point,Atlanta,Georgia
685e2a3afc13ae1033fa10fe,Riannon Nestle,rnestle8x@vinaora.com,Female,3 Londonderry Street,Atlanta,Georgia
685e2a3afc13ae1033fa10ff,Ewan O'Coskerry,eocoskerry8y@google.cn,Male,5 Stang Place,Davenport,Iowa
685e2a3afc13ae1033fa1100,Adrianne Taylot,ataylot8z@apple.com,Female,5907 Independence Terrace,Boston,Massachusetts
685e2a3afc13ae1033fa1101,Duffy McElory,dmcelory90@wp.com,Male,76 Corry Center,Houston,Texas
685e2a3afc13ae1033fa1102,Aggy Giacomozzo,agiacomozzo91@mlb.com,Female,28536 Monterey Parkway,Tyler,Texas
685e2a3afc13ae1033fa1103,Edin Duplan,eduplan92@ca.gov,Female,10197 Oak Valley Point,Portland,Oregon
685e2a3afc13ae1033fa1104,Claire O' Gara,co93@washington.edu,Male,88 Bluestem Junction,San Francisco,California
685e2a3afc13ae1033fa1105,Hyacintha Menendez,hmenendez94@jalbum.net,Genderfluid,49785 Clemons Alley,Reston,Virginia
685e2a3afc13ae1033fa1106,Rhys Chansonnau,rchansonnau95@elegantthemes.com,Male,043 Havey Plaza,Buffalo,New York
685e2a3afc13ae1033fa1107,Ozzie Dobbin,odobbin96@homestead.com,Male,9451 Texas Street,Las Vegas,Nevada
685e2a3afc13ae1033fa1108,Dareen Queyos,dqueyos97@ezinearticles.com,Female,98 Laurel Place,New Hyde Park,New York
685e2a3afc13ae1033fa1109,Lind Stabler,lstabler98@wired.com,Male,1 Pankratz Lane,Memphis,Tennessee
685e2a3afc13ae1033fa110a,Kylila Pursglove,kpursglove99@blogtalkradio.com,Female,8842 Warbler Trail,San Diego,California
685e2a3afc13ae1033fa110b,Rawley Abbado,rabbado9a@icio.us,Male,9 Gina Circle,Memphis,Tennessee
685e2a3afc13ae1033fa110c,Lovell Mills,lmills9b@salon.com,Male,46606 Bartelt Center,Albany,New York
685e2a3afc13ae1033fa110d,Catharina Culleton,cculleton9c@pagesperso-orange.fr,Female,6 Northfield Place,Sacramento,California
685e2a3afc13ae1033fa110e,Lindi Senter,lsenter9d@exblog.jp,Female,5291 Moose Road,Jacksonville,Florida
685e2a3afc13ae1033fa110f,Angelia Besse,abesse9e@biblegateway.com,Female,5995 Bartillon Plaza,Springfield,Illinois
685e2a3afc13ae1033fa1110,Catarina McVicker,cmcvicker9f@aol.com,Female,0 Merchant Point,Dallas,Texas
685e2a3afc13ae1033fa1111,Cash Landeaux,clandeaux9g@abc.net.au,Male,08 Graceland Drive,Miami,Florida
685e2a3afc13ae1033fa1112,Amos Kerwood,akerwood9h@ezinearticles.com,Male,40 Ramsey Point,Houston,Texas
685e2a3afc13ae1033fa1113,Jordan Brampton,jbrampton9i@skype.com,Female,4277 Bartillon Alley,Des Moines,Iowa
685e2a3afc13ae1033fa1114,Broderick Crandon,bcrandon9j@rambler.ru,Bigender,02 Clemons Place,Erie,Pennsylvania
685e2a3afc13ae1033fa1115,Hirsch Walsh,hwalsh9k@archive.org,Male,0095 Northland Hill,Dayton,Ohio
685e2a3afc13ae1033fa1116,Saidee Day,sday9l@businessinsider.com,Female,9188 Gerald Plaza,Portland,Oregon
685e2a3afc13ae1033fa1117,Bartram Bacup,bbacup9m@youtube.com,Male,76410 Corben Hill,Spokane,Washington
685e2a3afc13ae1033fa1118,Ninette Sleford,nsleford9n@wikimedia.org,Female,324 Bay Drive,Buffalo,New York
685e2a3afc13ae1033fa1119,Gregoire Vicioso,gvicioso9o@twitter.com,Male,651 Northwestern Lane,El Paso,Texas
685e2a3afc13ae1033fa111a,Chris Card,ccard9p@blinklist.com,Male,82661 Pepper Wood Parkway,Los Angeles,California
685e2a3afc13ae1033fa111b,Rriocard Rochford,rrochford9q@cbsnews.com,Male,4 Surrey Hill,Boston,Massachusetts
685e2a3afc13ae1033fa111c,Violante Grasner,vgrasner9r@wunderground.com,Female,13921 Almo Terrace,Louisville,Kentucky
685e2a3afc13ae1033fa111d,Benjamin Wadsworth,bwadsworth9s@businesswire.com,Male,99 Coleman Terrace,Tyler,Texas
685e2a3afc13ae1033fa111e,Tim Beddoes,tbeddoes9t@parallels.com,Male,740 Spohn Parkway,Indianapolis,Indiana
685e2a3afc13ae1033fa111f,Archer Ferraron,aferraron9u@prweb.com,Male,62 Glacier Hill Place,Greensboro,North Carolina
685e2a3afc13ae1033fa1120,Farah Glencrosche,fglencrosche9v@symantec.com,Female,114 Ramsey Park,Fort Lauderdale,Florida
685e2a3afc13ae1033fa1121,Eba Okenfold,eokenfold9w@guardian.co.uk,Female,1526 Stephen Terrace,Nashville,Tennessee
685e2a3afc13ae1033fa1122,Hollyanne Enns,henns9x@pbs.org,Female,6 Caliangt Point,Dallas,Texas
685e2a3afc13ae1033fa1123,Dur Hentzeler,dhentzeler9y@unblog.fr,Male,47561 Schmedeman Avenue,Birmingham,Alabama
685e2a3afc13ae1033fa1124,Ronica Sainter,rsainter9z@wsj.com,Female,4150 Welch Junction,Fort Lauderdale,Florida
685e2a3afc13ae1033fa1125,Averyl Binestead,abinesteada0@fotki.com,Female,5 Veith Avenue,Bradenton,Florida
685e2a3afc13ae1033fa1126,Matthiew Maurice,mmauricea1@dedecms.com,Male,464 Riverside Circle,Greenville,South Carolina
685e2a3afc13ae1033fa1127,Allan O' Donohoe,aoa2@chronoengine.com,Male,56 Hayes Street,Watertown,Massachusetts
685e2a3afc13ae1033fa1128,Thebault Dummett,tdummetta3@wikipedia.org,Male,24 Sauthoff Drive,Herndon,Virginia
685e2a3afc13ae1033fa1129,Gibb Pepi,gpepia4@amazon.de,Male,69 Delladonna Point,San Bernardino,California
685e2a3afc13ae1033fa112a,Bernhard Aysik,baysika5@tinypic.com,Male,4 Mallard Junction,Atlanta,Georgia
685e2a3afc13ae1033fa112b,Margalit Gate,mgatea6@sourceforge.net,Female,801 Mariners Cove Park,Bellevue,Washington
685e2a3afc13ae1033fa112c,Artus Vamplew,avamplewa7@paginegialle.it,Male,57889 Stephen Parkway,Young America,Minnesota
685e2a3afc13ae1033fa112d,Lexine Robertucci,lrobertuccia8@vimeo.com,Female,80 Pankratz Alley,Las Cruces,New Mexico
685e2a3afc13ae1033fa112e,Konstance Tennison,ktennisona9@chronoengine.com,Female,43 Dahle Avenue,Kansas City,Missouri
685e2a3afc13ae1033fa112f,Dannie Shuker,dshukeraa@google.ru,Male,997 Rieder Court,Garland,Texas
685e2a3afc13ae1033fa1130,Goldina Hauxby,ghauxbyab@biblegateway.com,Female,53 Porter Pass,Springfield,Massachusetts
685e2a3afc13ae1033fa1131,Cosmo Arnau,carnauac@t.co,Male,13 Lakewood Place,Greensboro,North Carolina
685e2a3afc13ae1033fa1132,Daveen Blayney,dblayneyad@homestead.com,Female,7 Cherokee Alley,Phoenix,Arizona
685e2a3afc13ae1033fa1133,Jeddy Anespie,janespieae@aboutads.info,Male,8203 Petterle Lane,Waltham,Massachusetts
685e2a3afc13ae1033fa1134,Isidoro Ranby,iranbyaf@stumbleupon.com,Male,34394 Mesta Hill,Ocala,Florida
685e2a3afc13ae1033fa1135,Caressa O' Reagan,coag@indiatimes.com,Female,006 Nova Circle,El Paso,Texas
685e2a3afc13ae1033fa1136,Ezri Seaborne,eseaborneah@mlb.com,Genderfluid,635 Grasskamp Crossing,El Paso,Texas
685e2a3afc13ae1033fa1137,Joela Meatcher,jmeatcherai@clickbank.net,Female,59520 Sherman Point,Brockton,Massachusetts
685e2a3afc13ae1033fa1138,Flem Bowdon,fbowdonaj@de.vu,Male,30835 Oxford Drive,Paterson,New Jersey
685e2a3afc13ae1033fa1139,Daron Orritt,dorrittak@merriam-webster.com,Male,34109 Paget Point,Las Vegas,Nevada
685e2a3afc13ae1033fa113a,Lewie Drewet,ldrewetal@japanpost.jp,Male,68 Glendale Pass,Kansas City,Missouri
685e2a3afc13ae1033fa113b,Katharine Hedan,khedanam@dailymail.co.uk,Female,2550 Springview Trail,Los Angeles,California
685e2a3afc13ae1033fa113c,Mordy Khoter,mkhoteran@goo.gl,Male,778 Montana Lane,Durham,North Carolina
685e2a3afc13ae1033fa113d,Anatola Ottee,aotteeao@wp.com,Genderfluid,3 Center Pass,Augusta,Georgia
685e2a3afc13ae1033fa113e,Mandi Matteo,mmatteoap@ovh.net,Female,90 Waxwing Trail,Columbus,Ohio
685e2a3afc13ae1033fa113f,Hogan Goulbourne,hgoulbourneaq@cargocollective.com,Male,8 Cordelia Park,El Paso,Texas
685e2a3afc13ae1033fa1140,Cyrille Sheahan,csheahanar@elegantthemes.com,Male,80 Harbort Road,Minneapolis,Minnesota
685e2a3afc13ae1033fa1141,Emory Hordell,ehordellas@privacy.gov.au,Male,22 Brentwood Drive,Bonita Springs,Florida
685e2a3afc13ae1033fa1142,Zonnya Seiter,zseiterat@creativecommons.org,Female,8901 Milwaukee Alley,Billings,Montana
685e2a3afc13ae1033fa1143,Glyn Dunsford,gdunsfordau@hatena.ne.jp,Male,902 Ridgeway Circle,Boise,Idaho
685e2a3afc13ae1033fa1144,Yard McKearnen,ymckearnenav@booking.com,Male,32108 Hudson Point,Roanoke,Virginia
685e2a3afc13ae1033fa1145,Rossie Node,rnodeaw@ebay.com,Male,22 High Crossing Avenue,Garland,Texas
685e2a3afc13ae1033fa1146,Baxter Loy,bloyax@bluehost.com,Male,24119 Stuart Lane,Dallas,Texas
685e2a3afc13ae1033fa1147,Crosby Solleme,csollemeay@yelp.com,Male,5863 Forest Run Park,Gadsden,Alabama
685e2a3afc13ae1033fa1148,Berty Videneev,bvideneevaz@princeton.edu,Male,8984 Norway Maple Lane,San Diego,California
685e2a3afc13ae1033fa1149,Benjamin Louth,blouthb0@sciencedaily.com,Male,6 Hanover Road,Pittsburgh,Pennsylvania
685e2a3afc13ae1033fa114a,Farr Filippone,ffilipponeb1@sakura.ne.jp,Male,9 Hanover Street,Fort Pierce,Florida
685e2a3afc13ae1033fa114b,Britt Mancer,bmancerb2@360.cn,Female,250 Schurz Hill,Austin,Texas
685e2a3afc13ae1033fa114c,Lucho McCluney,lmccluneyb3@ameblo.jp,Male,16686 Cardinal Road,Birmingham,Alabama
685e2a3afc13ae1033fa114d,Elenore De Ruggero,edeb4@nps.gov,Female,2545 Hauk Pass,Kansas City,Missouri
685e2a3afc13ae1033fa114e,Nichol Masden,nmasdenb5@ycombinator.com,Female,1 Jenifer Alley,Tampa,Florida
685e2a3afc13ae1033fa114f,Milt Manass,mmanassb6@t.co,Male,9815 Golf Course Crossing,Louisville,Kentucky
685e2a3afc13ae1033fa1150,Saraann Oliveira,soliveirab7@people.com.cn,Female,9 Helena Way,Tempe,Arizona
685e2a3afc13ae1033fa1151,Maurise Adamec,madamecb8@ameblo.jp,Male,820 John Wall Pass,Houston,Texas
685e2a3afc13ae1033fa1152,Willi Whitney,wwhitneyb9@indiatimes.com,Male,698 Golf View Street,Atlanta,Georgia
685e2a3afc13ae1033fa1153,Phaidra Bosse,pbosseba@oaic.gov.au,Female,93405 Sundown Place,Corona,California
685e2a3afc13ae1033fa1154,Barbra Newsome,bnewsomebb@com.com,Polygender,757 Merry Way,Washington,District of Columbia
685e2a3afc13ae1033fa1155,Arline Kynnd,akynndbc@blinklist.com,Female,04 Buhler Way,Irving,Texas
685e2a3afc13ae1033fa1156,Brad Keizman,bkeizmanbd@dmoz.org,Male,960 Pond Trail,Tucson,Arizona
685e2a3afc13ae1033fa1157,Norry Goudge,ngoudgebe@weather.com,Male,27 Dapin Trail,Portland,Oregon
685e2a3afc13ae1033fa1158,Gustavus Dumbrill,gdumbrillbf@disqus.com,Male,212 Gale Point,Portland,Oregon
685e2a3afc13ae1033fa1159,Pennie Burless,pburlessbg@google.it,Female,136 Katie Pass,Van Nuys,California
685e2a3afc13ae1033fa115a,Ettore Orhtmann,eorhtmannbh@csmonitor.com,Male,18386 Tennyson Avenue,Torrance,California
685e2a3afc13ae1033fa115b,Jodie Corbridge,jcorbridgebi@telegraph.co.uk,Male,92911 Corry Plaza,Chandler,Arizona
685e2a3afc13ae1033fa115c,Sonnie Feldon,sfeldonbj@multiply.com,Male,66 Redwing Pass,Houston,Texas
685e2a3afc13ae1033fa115d,Adelaida Adenot,aadenotbk@yellowpages.com,Female,8109 Holmberg Terrace,Crawfordsville,Indiana
685e2a3afc13ae1033fa115e,Kath Jermyn,kjermynbl@technorati.com,Female,5481 Fuller Street,Washington,District of Columbia
685e2a3afc13ae1033fa115f,Erminie Reggiani,ereggianibm@about.com,Female,9229 Riverside Place,Jacksonville,Florida
685e2a3afc13ae1033fa1160,Brett Sainte Paul,bsaintebn@goodreads.com,Male,97374 Laurel Way,Peoria,Arizona
685e2a3afc13ae1033fa1161,Evaleen Condliffe,econdliffebo@gizmodo.com,Non-binary,83 Tennessee Circle,Springfield,Illinois
685e2a3afc13ae1033fa1162,Marne Bastable,mbastablebp@alibaba.com,Female,176 Melvin Drive,Louisville,Kentucky
685e2a3afc13ae1033fa1163,Hodge Tertre,htertrebq@yale.edu,Male,72239 Londonderry Street,Orlando,Florida
685e2a3afc13ae1033fa1164,Nil Jandourek,njandourekbr@reference.com,Male,49346 Buena Vista Circle,Lima,Ohio
685e2a3afc13ae1033fa1165,Alfonso Tansill,atansillbs@unblog.fr,Polygender,889 Lakeland Lane,Atlanta,Georgia
685e2a3afc13ae1033fa1166,Maximo Scrivener,mscrivenerbt@loc.gov,Male,491 Loomis Junction,New York City,New York
685e2a3afc13ae1033fa1167,Elias Babonau,ebabonaubu@ucoz.com,Male,697 Gina Place,Boston,Massachusetts
685e2a3afc13ae1033fa1168,Ezekiel Corrison,ecorrisonbv@dell.com,Non-binary,2 Carey Way,Charleston,South Carolina
685e2a3afc13ae1033fa1169,Osmond Wetherald,owetheraldbw@goo.gl,Male,65581 Coolidge Street,Zephyrhills,Florida
685e2a3afc13ae1033fa116a,Corrine Fullicks,cfullicksbx@privacy.gov.au,Female,37512 Walton Parkway,New York City,New York
685e2a3afc13ae1033fa116b,Bronnie Pawfoot,bpawfootby@netscape.com,Male,2188 Waywood Point,Greensboro,North Carolina
685e2a3afc13ae1033fa116c,Mike Stanyard,mstanyardbz@bloglovin.com,Male,0 Village Green Park,Washington,District of Columbia
685e2a3afc13ae1033fa116d,Zack Connor,zconnorc0@google.es,Male,1 Oak Junction,Boise,Idaho
685e2a3afc13ae1033fa116e,Bonita Goodoune,bgoodounec1@ibm.com,Female,556 Golf Avenue,Dallas,Texas
685e2a3afc13ae1033fa116f,Jenn Olechnowicz,jolechnowiczc2@statcounter.com,Female,983 Sunbrook Alley,Great Neck,New York
685e2a3afc13ae1033fa1170,Lorine Inglish,linglishc3@merriam-webster.com,Female,46999 Harper Alley,Cleveland,Ohio
685e2a3afc13ae1033fa1171,Elianore Stockhill,estockhillc4@prlog.org,Female,3962 Mariners Cove Circle,Omaha,Nebraska
685e2a3afc13ae1033fa1172,Rodd Kershaw,rkershawc5@nydailynews.com,Male,0 Hazelcrest Street,Nashville,Tennessee
685e2a3afc13ae1033fa1173,Tye Deschlein,tdeschleinc6@sina.com.cn,Male,067 Barnett Point,El Paso,Texas
685e2a3afc13ae1033fa1174,Hildagard Reddoch,hreddochc7@g.co,Female,74022 Orin Center,New Orleans,Louisiana
685e2a3afc13ae1033fa1175,Davey McLukie,dmclukiec8@imdb.com,Male,71 Packers Place,Dallas,Texas
685e2a3afc13ae1033fa1176,Morgen De la Yglesias,mdec9@chron.com,Male,90980 Green Lane,Minneapolis,Minnesota
685e2a3afc13ae1033fa1177,Pren Collabine,pcollabineca@pagesperso-orange.fr,Male,60519 Autumn Leaf Drive,Charlotte,North Carolina
685e2a3afc13ae1033fa1178,Irena Bartolacci,ibartolaccicb@prweb.com,Female,7 Sugar Avenue,Saint Louis,Missouri
685e2a3afc13ae1033fa1179,Ofelia Leber,olebercc@jalbum.net,Female,7 Thackeray Drive,Baton Rouge,Louisiana
685e2a3afc13ae1033fa117a,Shelley Zimmerman,szimmermancd@google.it,Male,218 Spenser Court,Florence,South Carolina
685e2a3afc13ae1033fa117b,Vin Workman,vworkmance@amazonaws.com,Female,43530 Nova Hill,Tucson,Arizona
685e2a3afc13ae1033fa117c,Maurizia Filipiak,mfilipiakcf@unblog.fr,Bigender,537 Hallows Junction,Wichita,Kansas
685e2a3afc13ae1033fa117d,Heinrick Klosa,hklosacg@topsy.com,Male,213 Havey Park,Las Vegas,Nevada
685e2a3afc13ae1033fa117e,Iggie Tewelson,itewelsonch@yellowpages.com,Male,8 Debs Trail,Washington,District of Columbia
685e2a3afc13ae1033fa117f,Travis Dible,tdibleci@fc2.com,Male,4 Forest Run Park,Jacksonville,Florida
685e2a3afc13ae1033fa1180,Dewitt Cayford,dcayfordcj@purevolume.com,Male,98 Lindbergh Drive,Great Neck,New York
685e2a3afc13ae1033fa1181,Omar Karpf,okarpfck@dion.ne.jp,Male,90309 Grasskamp Circle,Huntington,West Virginia
685e2a3afc13ae1033fa1182,Merrile Tubbs,mtubbscl@angelfire.com,Female,86892 Bluejay Hill,Kansas City,Missouri
685e2a3afc13ae1033fa1183,Javier Codman,jcodmancm@harvard.edu,Male,9974 Stephen Way,Atlanta,Georgia
685e2a3afc13ae1033fa1184,Lorna Landor,llandorcn@java.com,Genderqueer,77618 Heath Plaza,Saginaw,Michigan
685e2a3afc13ae1033fa1185,Wyatan Corsor,wcorsorco@sbwire.com,Male,58774 Maywood Place,Paterson,New Jersey
685e2a3afc13ae1033fa1186,Lanie Zorzi,lzorzicp@cnet.com,Bigender,69615 Lake View Pass,Lakewood,Washington
685e2a3afc13ae1033fa1187,Ailey Claxson,aclaxsoncq@state.tx.us,Female,7 Thierer Drive,Bradenton,Florida
685e2a3afc13ae1033fa1188,Armando Winborn,awinborncr@tinyurl.com,Male,42311 Manufacturers Drive,Jackson,Mississippi
685e2a3afc13ae1033fa1189,Randi Parmiter,rparmitercs@domainmarket.com,Female,74 Canary Alley,Memphis,Tennessee
685e2a3afc13ae1033fa118a,Leonanie Helks,lhelksct@hatena.ne.jp,Female,42 Stuart Park,Salt Lake City,Utah
685e2a3afc13ae1033fa118b,Barrett Sepey,bsepeycu@mysql.com,Male,88751 Texas Point,Denver,Colorado
685e2a3afc13ae1033fa118c,Leonidas Thornton-Dewhirst,lthorntondewhirstcv@ovh.net,Agender,9 Magdeline Pass,Macon,Georgia
685e2a3afc13ae1033fa118d,Hakim Gaiter,hgaitercw@biglobe.ne.jp,Genderqueer,04125 Pond Terrace,Sacramento,California
685e2a3afc13ae1033fa118e,Kirstin Digweed,kdigweedcx@miibeian.gov.cn,Female,0 Messerschmidt Drive,New York City,New York
685e2a3afc13ae1033fa118f,Valma Hanbury-Brown,vhanburybrowncy@harvard.edu,Female,5 Forest Run Court,Huntsville,Alabama
685e2a3afc13ae1033fa1190,Fey Steventon,fsteventoncz@house.gov,Female,21 Graceland Crossing,El Paso,Texas
685e2a3afc13ae1033fa1191,Sheppard Milius,smiliusd0@360.cn,Male,76923 Anzinger Place,Oklahoma City,Oklahoma
685e2a3afc13ae1033fa1192,Elisa Stucke,estucked1@yelp.com,Female,1 Moland Avenue,Raleigh,North Carolina
685e2a3afc13ae1033fa1193,Sheryl Wood,swoodd2@goo.ne.jp,Female,18329 Golden Leaf Terrace,Houston,Texas
685e2a3afc13ae1033fa1194,Jerad Stockey,jstockeyd3@free.fr,Male,46357 Upham Court,Marietta,Georgia
685e2a3afc13ae1033fa1195,Angel Road,aroadd4@meetup.com,Female,17 Harbort Parkway,Washington,District of Columbia
685e2a3afc13ae1033fa1196,Dorothea Dawtry,ddawtryd5@si.edu,Female,23 American Point,Shawnee Mission,Kansas
685e2a3afc13ae1033fa1197,Curry Cattow,ccattowd6@netlog.com,Male,1757 Moland Place,Houston,Texas
685e2a3afc13ae1033fa1198,Teena Brawn,tbrawnd7@skyrock.com,Female,350 Vernon Parkway,Cincinnati,Ohio
685e2a3afc13ae1033fa1199,Tally Peealess,tpeealessd8@wufoo.com,Male,283 Center Center,Atlanta,Georgia
685e2a3afc13ae1033fa119a,Alexia Diehn,adiehnd9@google.it,Female,0304 Summerview Road,Springfield,Illinois
685e2a3afc13ae1033fa119b,Hobart Shovelin,hshovelinda@vk.com,Male,3 Del Sol Junction,Macon,Georgia
685e2a3afc13ae1033fa119c,Oberon Warnock,owarnockdb@latimes.com,Male,6529 Ramsey Lane,Charlotte,North Carolina
685e2a3afc13ae1033fa119d,Elspeth Corradi,ecorradidc@php.net,Female,58538 Walton Way,Tacoma,Washington
685e2a3afc13ae1033fa119e,Kyla Yersin,kyersindd@storify.com,Female,189 Rowland Way,Carson City,Nevada
685e2a3afc13ae1033fa119f,Rufus Vollam,rvollamde@vistaprint.com,Male,95 Brentwood Way,Chicago,Illinois
685e2a3afc13ae1033fa11a0,Aldon Ludvigsen,aludvigsendf@usgs.gov,Male,30990 Scofield Center,El Paso,Texas
685e2a3afc13ae1033fa11a1,Elsbeth Brister,ebristerdg@psu.edu,Female,85963 Pepper Wood Street,Fort Collins,Colorado
685e2a3afc13ae1033fa11a2,Hal Hardbattle,hhardbattledh@mozilla.com,Male,94 Lotheville Junction,San Antonio,Texas
685e2a3afc13ae1033fa11a3,Lavina Plowes,lplowesdi@pbs.org,Female,84 Birchwood Crossing,Madison,Wisconsin
685e2a3afc13ae1033fa11a4,Charmion Chattell,cchattelldj@sina.com.cn,Female,43749 Ludington Center,Washington,District of Columbia
685e2a3afc13ae1033fa11a5,Arleyne Woller,awollerdk@wikipedia.org,Female,654 Chinook Road,Washington,District of Columbia
685e2a3afc13ae1033fa11a6,Huntley Petrovic,hpetrovicdl@columbia.edu,Male,58946 Mayfield Way,Ventura,California
685e2a3afc13ae1033fa11a7,Merrile Lenin,mlenindm@gov.uk,Female,89 Debra Way,Everett,Washington
685e2a3afc13ae1033fa11a8,Saundra Slinger,sslingerdn@ca.gov,Male,7 Tony Court,Spokane,Washington
685e2a3afc13ae1033fa11a9,Cookie Dunckley,cdunckleydo@hostgator.com,Female,271 Columbus Crossing,Conroe,Texas
685e2a3afc13ae1033fa11aa,Edvard De Bruijne,ededp@wufoo.com,Male,377 Lotheville Park,Denver,Colorado
685e2a3afc13ae1033fa11ab,Malissa Gaddesby,mgaddesbydq@businesswire.com,Female,7 Dahle Road,Atlanta,Georgia
685e2a3afc13ae1033fa11ac,Errol Schollick,eschollickdr@ibm.com,Male,37999 Corben Alley,Ocala,Florida
685e2a3afc13ae1033fa11ad,Matty Sambiedge,msambiedgeds@zimbio.com,Male,17 Beilfuss Plaza,Bonita Springs,Florida
685e2a3afc13ae1033fa11ae,Jermain Norkutt,jnorkuttdt@bbc.co.uk,Male,02 8th Road,Levittown,Pennsylvania
685e2a3afc13ae1033fa11af,Griffith Thorburn,gthorburndu@tinyurl.com,Male,1753 Logan Lane,Seattle,Washington
685e2a3afc13ae1033fa11b0,Darlene Strachan,dstrachandv@printfriendly.com,Female,6 Basil Street,Salt Lake City,Utah
